ACC TNL-001,,37.418779,-122.204947,Door of Old Vault access tunnel west of bone yard,0,1
ALPINE-001,BA00030600N,37.415393,-122.195074,Background dosimeter (Outside guard shack),1,0
ALPINE-002,BA001307860,37.41535162,-122.1950029,Background dosimeter (Outside guard shack),1,0
ALPINE-003,,37.415448,-122.1950609,Background dosimeter (Outside guard shack),0,0
ALPINE-004,,37.41536188,-122.1950807,Background dosimeter (Outside guard shack),0,0
ALPINE-005,,37.4153166,-122.1950749,Background dosimeter (Outside guard shack),0,0
AMRF Of-001,,37.415883,-122.206927,Sec 10 North Wall on top of panel adj pent 10-14,0,1
BDE-001,,37.418037,-122.200288,"BDE outside RAM storage area, at entrance fence",0,0
BLG 003-001,,37.416495,-122.208514,"Building 03, Room 100A",0,0
BLG 003-002,,37.416463,-122.208730,"Conference room, SE corner",0,0
BLG 003-003,,37.416389,-122.208528,+,0,0
BLG 005-001,,37.416342,-122.202737,MCC control room; Bldg 005; Outside by S entrance,0,1
BLG 006-001,BA00121452J,37.417414,-122.202439,Inside Room 101A RGD,1,0
BLG 006-002,BA001717316,37.41744007,-122.2024382,Inside Room 107 RGD,1,0
BLG 006-003,BA001979900,37.41742699,-122.2024179,Inside Room 111 RGD,1,0
BLG 006-004,,37.41739823,-122.2024072,GTF on South wall under PPS warning light,0,0
BLG 006-005,,37.41740968,-122.2023939,"On North Wall, by power box",0,0
BLG 006-006,,37.41739121,-122.2024642,Roof above Photocathode,0,0
BLG 006-007,BA002188698,37.41739041,-122.2024114,inside GTF on ceiling,1,0
BLG 006-008,,37.41740417,-122.2024197,"RGD#56, Titan Krios #1, Room 110",0,0
BLG 006-009,,37.41738796,-122.2023987,"RGD#58, Talos Arctica, Room 105A",0,0
BLG 006-010,,37.41741496,-122.2024038,"RGD#62, Titan G3, Room 107",0,0
BLG 006-011,,37.41740105,-122.2024418,"RGD#63, Titan G2, Room 101A",0,0
BLG 008-001,BA001238608,37.417596,-122.202041,On backside near fence,1,0
BLG 015-001,BA001006579,37.415618,-122.207001,"Lower level, fire ext bracket in lunchroom",1,0
BLG 015-002,BA00138105E,37.415418,-122.206777,"Upper level, next to doorway",1,0
BLG 015-003,BA000729190,37.415465,-122.207058,"Lower level, I Beam behind office divider NE corner",1,0
BLG 015-004,BA00118680A,37.415785,-122.207230,South west corner of building on unistrut 8',1,0
BLG 024-001,BA001721383,37.416931,-122.207918,"RCF Area, Outside wall, hallway across from J. Yu",1,1
BLG 024-002,BA001495706,37.41710692,-122.2079572,OHP Operations offices,1,0
BLG 024-003,,37.41701459,-122.2078427,Room 185 NE Corner,0,0
BLG 024-004,BA00032365B,37.41702609,-122.2079317,"Room 161, Rad Lab on water line",1,0
BLG 024-005,,37.41704399,-122.2080687,"Room 164, Instrument shop",0,0
BLG 024-005A,BA00100482K,37.41690194,-122.2077502,"RAM Storage (Room 143, North Wall)",1,0
BLG 024-006,BA00119263D,37.41694615,-122.2077861,Eddie Office North Wall Rm 178,1,0
BLG 024-007,BA0011639130,37.416640,-122.208062,"Room 145, BSOIC and RAM storage room, adj to RCA phone jack",1,0
BLG 025-001,BA000780752,37.417075,-122.207205,Outside machine Shop Supervisor's Office,1,0
BLG 025-002,BA00151413E,37.41716144,-122.2072229,Outside Ali's Office (Plating Shop),1,0
BLG 025-003,BA000233884,37.41711317,-122.207319,Upstairs offices across from room #208,1,0
BLG 025-004,,37.4169298,-122.2072844,Upstairs offices  room #209 on light switch,0,0
BLG 025-005,,37.41699215,-122.2072247,"Upstairs Admin Office, on fire ext hallway",0,0
BLG 025-006,BA001463828,37.41707753,-122.2074083,Matt Office Room South wall plug,1,0
BLG 025-007,BA000165377,37.41712252,-122.20725,Main Shop Area Hydrogen Alarm panel,1,0
BLG 025-008,,37.41714449,-122.2070874,"RGD #20, Metals Analyzer Gun, Room 112C",0,0
BLG 026-001,,37.417168,-122.205899,Weld shop on south wall (hydrojet room),0,0
BLG 026-002,BA001952160,37.41720253,-122.2058561,Outside door to 2nd Floor Offices,1,0
BLG 026-003,BA00121326F,37.41720784,-122.2056902,"Weld Shop  breaker panel near Column 4C, above sink",1,0
BLG 026-004,BA001648670,37.4173103,-122.205914, Magnet shop unistrut strap storage,1,0
BLG 026-005,BA00074699K,37.41730466,-122.2060294,"West Office Rm 100 south wall, Right of door",1,0
BLG 027-001,BA00198770,37.417240,-122.207634,"Near outlet on East Wall, by window overlooking outdoor seating.",1,0
BLG 028-002,BA001375156,37.417141,-122.205281,middle of building room huddle room 93,1,0
BLG 028-003,BA00164311F,37.417078,-122.205089,"Southeast corner, RP instrument lab",1,0
BLG 028-004,BA00085040G,37.417108,-122.205381,Southwest corner,1,0
BLG 030-001,,37.416714,-122.206763,"MFD RAM storage area, NE Door 240V breaker",0,0
BLG 030-002,,37.416689,-122.206846,"MFD RAM storage area, S Wall over breaker",0,0
BLG 031-001,BA001074225,37.416998,-122.204107,"North Wall, outside clean room, next to clock",1,0
BLG 031-002,BA001583064,37.4169116,-122.2040696,Supv Office,1,0
BLG 031-003,BA00088962P,37.41688926,-122.2039269,General office area at 480V breaker panel O/S ROOM 105 (TX400 RGD#27),1,0
BLG 031-004,BA00109751A,37.41713881,-122.2040883,General office area 480V breaker panel O/S Rm 102,1,0
BLG 031-005,BA00025143K,37.4169709,-122.2041472,General office on Table leg of material to survey,1,0
BLG 033-001,,37.416944,-122.208471, Plug conduit next to the operator console front entry door,0,0
BLG 033-002,,37.41680793,-122.208497,Ouside exterior wall near machine beam location East,0,0
BLG 033-003,BA00074679M,37.41680583,-122.2086142,General warehouse area fence E side,1,0
BLG 033-004,BA00162251E,37.41686397,-122.2083657,office space Rm 100 side of room divider by light switch N wall,1,0
BLG 033-005,,37.41699912,-122.208578,On wall in clean room #104,0,0
BLG 034-001,,37.416477,-122.207854,"Room 101B, S wall",0,0
BLG 034-002,,37.41643477,-122.2077732,"Room 205, next to window",0,0
BLG 034-003,BA0000165N,37.41642551,-122.2076576,Room  271  Office,1,0
BLG 034-004,BA00186990B,37.41644526,-122.2077556,"upstairs office middle, Rm 215 window",1,0
BLG 034-005,BA000646128,37.41647404,-122.2080356,"upstairs office middle, Rm 269 window",1,0
BLG 034-006,BA00184040G,37.41651702,-122.2077268,"downstairs office middle, copy Rm Rm 107",1,0
BLG 034-007,BA0064099Y,37.41654599,-122.2079289,"downstairs office middle, Rm 119 near window",1,0
BLG 038-001,BA002009647,37.417339,-122.206407,"Trailer 216, N Bldg 26, inside next to door",1,0
BLG 040-001,,37.418779,-122.204689,"First floor common area, on display next to room R132",0,0
BLG 040-002,,37.418841,-122.204458,"Rm 236A, SEM RGD#44",0,0
BLG 040-003,,37.418808,-122.204886,Rm 237 RHEED#1 RGD#42,0,0
BLG 040-004,,37.418829,-122.204676,"Rm 237 RHEED#2 and UHVMV RGD#48,49",0,0
BLG 040A-001,,37.418394,-122.204810,"Laser Lab, room 102, by control panel/work station",0,0
BLG 040A-002,,37.418390,-122.204444,"Rm 120, RGD Room, inside at gas bottles (PVD System RGD#35)",0,0
BLG 041-001,,37.419275,-122.206100,Room 238 C (Teresa Juarez) inner office,0,0
BLG 041-002,,37.41934014,-122.2060954,"First floor, south wall. Room 1250, copy area, on partition",0,0
BLG 041-003,,37.41916281,-122.2062353,"First floor, in break room, on top of fridge",0,1
BLG 041-004,,37.41935396,-122.2061487,Second floor South Wall Inside Room 2200 on partition next to cable guard,0,0
BLG 041-005,,37.41910533,-122.2060718,Second floor ouside East steps on fire pipes,0,0
BLG 042-001,,37.419249,-122.204971,"Cafeteria, east corner, inside",0,0
BLG 044-001,BA00210050W,37.41883115,-122.2056547,KLY Test Lab: station 1,1,0
BLG 044-002,BA000292377,37.4187177,-122.2055103,KLY Test Lab: station 2,1,0
BLG 044-003,,37.41839224,-122.2056571,KLY Test Lab: station 3,0,0
BLG 044-004,BA00200552K,37.41861591,-122.2055962,KLY Test Lab: station 4,1,0
BLG 044-005,BA00042364B,37.4185957,-122.2060855,KLY Test Lab: station 5 operators station,1,0
BLG 044-006,BA00040415E,37.41874979,-122.2058675,KLY Test Lab: station 6,1,0
BLG 044-007,BA00189289L,37.41843663,-122.206002,KLY Test Lab: station 7,1,0
BLG 044-008,BA00157658Q,37.41855123,-122.2060211,KLY Test Lab: station 8,1,0
BLG 044-009,BA00118722A,37.41837631,-122.2057443,KLY Test Lab: station 9,1,0
BLG 044-010,,37.41844731,-122.2057841,KLY Test Lab: station 11,0,0
BLG 044-011,,37.41840784,-122.2056551,KLY Test Lab: station 13,0,0
BLG 044-012,BA00116011T,37.41866098,-122.2059439,KLY Test Lab: RF bunker BSOIC,1,0
BLG 044-013,,37.41859913,-122.2059131,KLY Test Lab: SW corner on electronics rack Test Stand 17 Control Panel,0,0
BLG 044-014,BA00128816Z,37.41853869,-122.2056521,KLY Test Lab: PEP II test area Test Stand 18 control panel,1,0
BLG 044-015,BA00087684Q,37.41852801,-122.2054664,"KLY Test Lab: room center, outside room 162",1,0
BLG 044-016,BA000276280,37.41878631,-122.2058351,"KLY Test Lab: room center, inside room 156B",1,0
BLG 044-017,BA00016732C,37.41876138,-122.2057384,"KLY Test Lab: room center, inside room 158",1,0
BLG 044-018,BA00075665U,37.41837194,-122.2058158,"ASTA Roof, on top rail overlooking Klystron test stand",1,0
BLG 044-019,BA00064451A,37.41869719,-122.2056483,"ASTA Roof, on exhaust stack",1,0
BLG 044-020,BA000364093,37.41839463,-122.2056727,"KLY Test Lab: station 2a boundary, SW corner unistrut",1,0
BLG 044-021,,37.41871673,-122.2058229,"KLY Test Lab: station 2b, boundry, SE corner unistrut",0,0
BLG 044-022,,37.41847362,-122.2055364,"KLY Test Lab: station 2c, boundry, NE corner, pipe",0,0
BLG 044-023,,37.41868712,-122.2059844,KLY Test Lab: station 5 boundary a,0,0
BLG 044-024,,37.41877099,-122.2055509,KLY Test Lab: station 5 boundary b,0,0
BLG 044-025,BA00196259P,37.4187587,-122.2059821,KLY Test Lab: station 5 boundary c,1,0
BLG 044-027,BA000752173,37.41867287,-122.2056514,"KLY Test Lab: station 6, North next to Klystron  b",1,0
BLG 044-028,,37.41862999,-122.205485,"KLY Test Lab: station 6, South next to klystron a",0,0
BLG 044-029,BA000961229,37.41837727,-122.2059024,KLY Test Lab: station 7 boundary a,1,0
BLG 044-030,,37.41849105,-122.205945,KLY Test Lab: station 7 boundary b,0,0
BLG 044-031,BA000347627,37.41874841,-122.2057153,KLY Test Lab: station 7 boundary c,1,0
BLG 044-032,BA00118531F,37.41880177,-122.2058645,"KLY Test Lab: station 8, North next to Klystron b",1,0
BLG 044-033,,37.41868157,-122.2060996,"KLY Test Lab: station 8, South next to klystron a",0,0
BLG 044-034,,37.41854341,-122.2057838,KLY Test Lab: station 9 boundary a,0,0
BLG 044-035,,37.41856315,-122.2056109,KLY Test Lab: station 9 boundary b,0,0
BLG 044-036,BA00084818O,37.41876293,-122.2055386,KLY Test Lab: station 9 boundary c,1,0
BLG 044-037,,37.41833019,-122.2058731,KLY Test Lab: station 11 boundary a,0,0
BLG 044-038,BA00007532H,37.41848691,-122.2056349,KLY Test Lab: station 11 boundary b,1,0
BLG 044-039,,37.41853631,-122.2060493,KLY Test Lab: station 11 boundary c,0,0
BLG 044-040,BA000608623,37.4186312,-122.2058392,ASTA Southside near PPS panel,1,1
BLG 044-041,BA000378250,37.41849263,-122.2057045,ASTA Eastside  inside Room 153,1,1
BLG 044-042,BA002113977,37.41867389,-122.2054924,ASTA Nothside  Inside Room 152 lazer room,1,1
BLG 044-043,BA001047656,37.41876079,-122.2055872,ASTA Westside,1,1
BLG 044-044,BA00018243H,37.41849855,-122.2058252,ASTA roof,1,1
BLG 044-045,,37.41847418,-122.2057133,KLY Test Lab: station 18 boundary NW a,0,0
BLG 044-046,BA001482381,37.41869244,-122.205539,KLY Test Lab: station 18 boundary NE b,1,0
BLG 044-047,BA00168719N,37.41844535,-122.2058782,KLY Test Lab: station 18 boundary W c,1,0
BLG 044-048,BA001244187,37.41837494,-122.2056277,KLY Test Lab: station 18 boundary SE,1,0
BLG 044-049,,37.4185034,-122.2060327,KLY Test Lab: station 18 body gun,0,0
BLG 044-050,BA00211574B,37.41874199,-122.206007,  Inside Room 151 NW corner on floor,1,1
BLG 044-051,,37.41857002,-122.2056217,"KLY Test Lab, Station 17 a",0,0
BLG 044-052,,37.41867318,-122.2056882,"KLY Test Lab, Station 17 b",0,0
BLG 044-053,,37.41875224,-122.2060256,KLY Test Lab: station 3 a,0,0
BLG 044-054,,37.41878454,-122.2059628,KLY Test Lab: station 3 b,0,0
BLG 044-055,,37.41880816,-122.2057431,KLY Test Lab: station 3 c,0,0
BLG 044-056,BA001663543,37.41875637,-122.2058389,KLY Test Lab: station 4 boundary a,1,0
BLG 044-057,BA00167678M,37.41866805,-122.2056796,KLY Test Lab: station 4 boundary b,1,0
BLG 044-058,BA00073161E,37.4184409,-122.2056516,KLY Test Lab: station 4 boundary c,1,0
BLG 044-059,,37.4184259,-122.2056396,"KLY Test Lab: station 6, South next to klystron c",0,0
BLG 044-060,,37.41852843,-122.2056118,"KLY Test Lab: station 8, c",0,0
BLG 044-061,,37.41848933,-122.2055553,Test Stand 1 a,0,0
BLG 044-062,BA00212995Y,37.4184116,-122.205708,Test Stand 1 b,1,0
BLG 044-063,,37.4183745,-122.2059423,Test Stand 1 c,0,0
BLG 044-064,,37.41847198,-122.2056582,KLY Test Lab Station Mod A NW a,0,0
BLG 044-065,,37.41867402,-122.2058765,KLY Test Lab Station Mod A NE b,0,0
BLG 044-066,,37.41872827,-122.2058063,KLY Test Lab Station Mod A SW c,0,0
BLG 044-067,BA00082025B,37.41853019,-122.205549,KLY Test Lab Station Mod A Operators station,1,0
BLG 044-068,BA001205197,37.41870404,-122.2056919,KLY Test Lab: station 9 win test structure,1,0
BLG 044-069,BA00028360H,37.41862833,-122.2059244,KTL TS11 Op station,1,0
BLG 044-070,BA00096754Q,37.41873531,-122.205541,KLY Test Lab Station 12 N c,1,0
BLG 044-071,BA00027501I,37.4185865,-122.2058516,KTL TS 10,1,0
BLG 044-072,BA00131062N,37.41864473,-122.206046,Room 203A on conduit,1,0
BLG 044-073,BA00090259W,37.41869737,-122.205952,Room154E/F ASTA Operator Room,1,0
BLG 048-001,,37.419797,122.206203 ,"between Room 128, 129  mail boxes next to pen  holder",0,0
BLG 050-001,BA000194454X,37.417690,122.203723 ,"1st floor,on wall next to vending machines Rm 114",1,1
BLG 050-002,BA00129015G,37.417582,122.203510 ,"Second floor NE elevator, on wall near stairwell. Across from rm 202",1,0
BLG 050-003,BA00039164A,37.417543,122.203854 ,"Third floor, wall, near panel L3B, across from rm 321",1,0
BLG 051-001,BA001639475,37.419871,122.205443 ,Kavali Bldg 3rd floor room 320 in top cabneit near window,1,0
BLG 052-001,BA000844730,37.417559,122.204611 ,"Stairwell E, first floor",1,0
BLG 052-002,BA001147943,37.41757448,122.2046681,"Stairwell W, first floor",1,0
BLG 052-003,BA000019656,37.41741347,122.2047217,"Stairwell E, third floor",1,0
BLG 052-004,BA00153531C,37.41757632,122.204708,"Stairwell W, third floor",1,0
BLG 055-001,BA00032581D,37.418738,122.197628 ,"Rec center, under front desk",1,0
BLG 084-001,,37.418495,122.204018 ,"Outside RGD room. At door. RGD#15, Assay X-Beam, B292A",0,0
BLG 084-002,,37.418442,122.203852 ,"B010, RGD#43, on device, clipped on cable next to sample door.  Scanning Electron Microscope",0,0
BLG 104B-001,,37.416737,122.199448 ,Bldg 104B,0,0
BLG 104B-002,,37.416716,122.199403 ,"Bldg 104B outside RAM storage area, at entrance door at electrical panel.",0,0
BLG 112-A-001,BA002028647,37.415830,-122.205021,Master substation work area. Next to NW door,1,0
BLG 136-001,,37.416445,-122.204715,ON-HOLD West Wall,0,1
BLG 136-002,,37.416427,-122.204660,"ON-HOLD Next to penetration, N (On steel I-beam, middle room)",0,1
BLG 222-001,,37.416344,122.199524 ,"Bldg 222 outside RAM storage area, at entrance door on Controlled Area sign, BLDG 222",0,0
BLG 235-001,,37.419152,122.205189 ,"Room 101, S Wall between window and filing cabinet",0,0
BLG 235-002,,37.419255,122.204923 ,"West wall, by second computer station, next to window",0,0
BLG 240-001,BA000858460,37.416739,-122.206531,"next to Bldg 30, conference room ",1,0
BLG 261-001,,37.419347,-122.204817,"Trailer at Sector 20 N, on back door",0,0
BLG 280-001,BA00103238E,37.418760,-122.206958,Outside Bldg 280C South wall on electrical unistrut ,1,1
BLG 280-002,,37.418612,-122.206940,Outside Bldg 280B east wall on electrical unistrut ,0,1
BLG 280-003,BA001922361,37.418367,-122.206929,"Outside, on steps facing KTL between 280A and 280B",1,1
BLG 299-001,,37.419079,-122.205197,"Room 3, next to window",0,0
BLG 299-002,,37.419516,-122.205290,"Builing 299, Room 4",0,0
BLG 299-003,,37.419552,-122.204730,"Building 299, Copy Machine",0,0
BLG 409-001,,37.417353,-122.200391,"Bldg 409 RAM storage, on fence",0,0
BLG 426-001,,37.415313,-122.206209, Dual Phase Extraction Project office next to inner door,0,0
BLG 478-001,,37.415577,-122.208114,"RAM Storage Area, inside",0,0
BLG 620-001,,37.419186,-122.196444,"Top of electronic house, North blue stairs top",0,1
BLG 620-002,,37.419120,-122.196598,Inside electronic house on I-beam,0,1
BLG 620-003,,37.419015,-122.196496,Top of electronic house on inner railing (near IR2 wall) floor level,0,1
BLG 620-004,,37.419090,-122.196335,Near wall opposite IR2 wall; on I-beam near entrance,0,1
BLG 621-001,,37.419264,-122.196604,Middle of control room on I-beam,0,1
BLG 621-002,,37.419234,-122.196661,In control room on first floor I-beam facing door to IR2,0,1
BLG 621-003,,37.419258,-122.196505,"Room 201, on wall facing IR2",0,1
BLG 625-001,,37.419097,-122.196962,I-beam ,0,1
BLG 640-001,,37.415906,122.195956 ,On I-beam away from IR wall,0,1
BLG 640-002,,37.415866,122.195904 ,On I-beam near IR wall,0,1
BLG 641-001,,37.415813,122.196024 ,Outside corner of inner office,0,1
BLG 645-001,,37.415799,122.196271 ,On cabinet 4LR3,0,1
BLG 645-002,,37.415589,122.196389 ,On cabinet 4LR41,0,1
BLG 650-001,,37.414220,122.197744 ,On hutch wall near BSOICS,0,1
BLG 660-001,,37.414133,122.199131 ,On cabinet B660-22,0,1
BLG 660-002,,37.414079,122.199015 ,On cabinet B660-01,0,1
BLG 660-003,,37.413902,122.199028 ,"Phone booth, North entrance",0,1
BLG 660-004,,37.413826,122.199150 ,"Wall near roll up door, power panel Unistrut",0,0
BLG 675-001,,37.414106,122.201151 ,On unistrut above penetration,0,1
BLG 680-001,,37.415146,122.202752 ,"On wall, South end near entrance",0,1
BLG 680-002,,37.415163,122.202582 ,On EASTwall next to roll up door,0,1
BLG 680-003,,37.415090,122.202861 ,On cabinet B680-33 near IR wall,0,1
BLG 680-004,,37.414988,122.202869 ,On fence next to RAM storage,0,0
BLG 685-001,,37.415083,122.202398 ,"Upper level, shop area",0,1
BLG 685-002,,37.415007,122.202460 ,On cabinet 8HR5,0,1
BLG 685-003,,37.414966,122.202293 ,Attached to cabinet in control room,0,1
BLG 685-004,,37.414821,122.202246 ,On cabinet 8HR31,0,1
BLG 688-001,,37.414690,122.202789 ,new salvage Office,0,1
BLG 705-001,,37.418079,122.203206 ,On top of penetration,0,1
BLG 720-001,,37.420279,-122.200203,I-beam next to roll up door,0,1
BLG 720-002,,37.420210,-122.200330,On cabinet B720-04,0,1
BLG 720-003,,37.420082,-122.200163,On cabinet B720-22,0,1
BLG 721-001,,37.420274,-122.200458,"On I-beam, 1st floor",0,1
BLG 725-001,,37.420167,-122.200527,On Cabinet 12HR1,0,1
BLG 725-002,,37.420065,-122.200542,On Cabinet 12HR31,0,1
BLG 725-003,,37.420150,-122.200723,Cabinet 12-5,0,1
BLG 725-004,,37.420150,-122.200723,"Janitors trailer next to Bldg 725 Bldg 217, outside on steps",0,1
BLG 730-001,,37.419865,-122.197548,On hutch wall near BSOICS,0,1
BLG 750-001,BA00185369P,37.418253,-122.195415,"1st floor, conduit in machine shop office",1,0
BLG 750-002,BA00025432H,37.418176,-122.195245,"2nd floor, mail drop near 206F",1,0
BLG 750-003,BA001485260,37.418464,-122.194463,"3rd floor on 480V conduit, room 304",1,0
BSY-001,,37.416338,-122.203482,ON-HOLD On the big door,0,1
BSY-002,,37.41634689,-122.2035353,ON-HOLD On PS-2,0,1
BSY-003,,37.41634762,-122.2035099,ON-HOLD On vent btwn PS-2 and PS-3,0,1
BSY-004,,37.41631007,-122.2035188,"ON-HOLD PS-9, Outside of pumphouse",0,1
BSY-005,,37.41631958,-122.2035057,ON-HOLD Before Bldg 105  under A2 vent housing,0,1
CID-001,,37.412147,-122.239927,On Bldg 285 deck,0,1
CID-002,,37.412208,-122.239752,Central area between CID and PPS Door on Floor,0,1
CID-003,,37.412284,-122.239698,Near PPS Door Floor,0,1
E+ Vault-001,,37.415050,-122.216910,ON-HOLD Outside RCA,0,1
ESA-001,,37.417492,-122.201219,"ON-HOLD Wall, N side ESA, next to BSOIC",0,1
ESA-002,,37.41758981,-122.2011033,ON-HOLD Wall across from SSRL ,0,1
ESA-003,,37.41746903,-122.2013102,"ON-HOLD Counting House, West wall",0,1
ESA-004,,37.41755492,-122.2013725,"Bldg 404, On backside outside",0,1
ESA-005,,37.41758144,-122.2011781,ON-HOLD Inside pumping station 11on wall,0,1
ESA-006,,37.41757796,-122.2010275,"ON-HOLD Bldg 108, On I-beam on wall nearest ESA",0,1
ESA-007,,37.41748376,-122.2013202,"ON-HOLD Bldg 222, backside of building outside",0,1
ESA-008,,37.41741103,-122.2013737,"ON-HOLD Bldg 102C, inside mens room",0,1
ESA-011,,37.41745806,-122.2010293,"Bldg 125, Inside on I-beam",0,1
ESA-012,,37.41753182,-122.2014079,"ON-HOLD Bldg 107, Inside next to fire extinquisher",0,1
ESA-013,,37.41763542,-122.2013239,"Bldg 215, Ouside on wall next to N2 cylinders",0,1
ESA-014,,37.41742003,-122.2010282,"ON-HOLD Bldg 113, Outside, middle of west wall",0,1
ESA-015,,37.41735844,-122.2011181,ON-HOLD Inside Bldg 406 on wall,0,1
ESA-016,,37.41748356,-122.2010632,ON-HOLD Inside Bldg 407 on Wall ,0,1
ESA-017,,37.41749635,-122.2011492,"ON-HOLD RAM Storage Area Bldg 113, inside by window",0,0
ESB-001,,37.416488,-122.201429,"RAM storage area, old FFTB shielding on South fence",0,0
FIRE STA-001,,37.417861,-122.206286,"Former fire station, contractor building (XOOK). Corner, toward KTL",0,0
GALRY-001,,37.412427,-122.238712,ON-HOLD Sec 10 Contractor Trailer in center,0,1
GALRY-002,,37.41231364,-122.2386436,"ON-HOLD Visitor's alcove, On pipe of wall I/s gallery By east door",0,1
GALRY-003,,37.4126427,-122.2387975,ON-HOLD Area 1,0,0
GALRY-003A,,37.41252278,-122.2390214,"ON-HOLD Sector 28 Visitor's alcove, under window by west door",0,0
GALRY-004,,37.41252708,-122.2384266,ON-HOLD Sector 4 P Hill Trailer under shelves,0,1
GALRY-004A,BA00110008M,37.41257942,-122.2389571,ON-HOLD Sec 28 Vistor's Alcove on Pipe between Klystrons pen 28-4,1,0
GALRY-005,,37.41225754,-122.2384561,Area 2,0,0
GALRY-005A,,37.41243839,-122.23858,ON-HOLD Sec 28 Visitor's alcove On wall behind mirror,0,1
GALRY-006,,37.41236213,-122.2385616,ON-HOLD N Side Sec 24 Alcove Wall inside Head High,0,0
GALRY-007,,37.4123805,-122.2389967,ON-HOLD N Side Between Sec 22-23 on wall inside gallery,0,0
GALRY-008,,37.41233029,-122.2387133,ON-HOLD N Side Sec 21 Alcove Wall inside Head High,0,0
GALRY-009,,37.4125411,-122.2389923,ON-HOLD N Side Sec 18 Alcove Wall inside Head High,0,0
GALRY-010,,37.41261584,-122.2387879,"ON-HOLD N Side Between Sec 16-17 on wall inside gallery, I beam 29",0,0
GALRY-011,,37.41247279,-122.2384031,"ON-HOLD N Side Between Sec 13-14 on wall inside gallery, I beam 31",0,0
GALRY-012,,37.41234434,-122.2385653,ON-HOLD N Side Sec 11 Alcove Wall inside Head High,0,0
GALRY-013,,37.41251859,-122.238643,N Side Sec 9 Alcove Wall inside Head High,0,0
GALRY-014,,37.413478,-122.229682,N Side Between Sec 7-8 on wall inside gallery,0,0
GALRY-015,,37.41336978,-122.2296205,N Side Sec 5 Alcove Wall inside Head High,0,0
GALRY-016,,37.41349181,-122.2297002,N Side Sec 3 Alcove Wall inside Head High,0,0
GALRY-017,,37.41364952,-122.229648,N Side Sec 1 Alcove Wall inside Head High,0,0
GALRY-018,,37.41372805,-122.2298036,West Wall Sec 0,0,0
GALRY-020,,37.41371325,-122.229602,"ON-HOLD Klystron Gallery, Sec 24 Inside penetration 24-15",0,1
GALRY-021,,37.41342687,-122.2299385,Middle of Klystron Gallery i/s North Side Sec 01,0,0
GALRY-022,,37.41324539,-122.2295315,Middle of Klystron Gallery i/s North Side Sec 02,0,0
GALRY-023,,37.413543,-122.2294621,Middle of Klystron Gallery i/s North Side Sec 03,0,0
GALRY-024,,37.41345451,-122.2294243,Middle of Klystron Gallery i/s North Side Sec 04,0,0
GALRY-025,,37.4134244,-122.2295759,Middle of Klystron Gallery i/s North Side Sec 05,0,0
GALRY-026,,37.41348445,-122.229926,Middle of Klystron Gallery i/s North Side Sec 06,0,0
GALRY-027,,37.41338793,-122.2295902,Middle of Klystron Gallery i/s North Side Sec 07,0,0
GALRY-028,,37.41340406,-122.2297181,Middle of Klystron Gallery i/s North Side Sec 08,0,0
GALRY-029,,37.41351645,-122.2299854,Middle of Klystron Gallery i/s North Side Sec 09,0,0
GALRY-030,,37.41340564,-122.2298783,Middle of Klystron Gallery i/s North Side Sec 10,0,0
GALRY-031,,37.414463,-122.221612,ON-HOLD Middle of Klystron Gallery i/s North Side Sec 11,0,0
GALRY-032,,37.41471016,-122.2215907,ON-HOLD Middle of Klystron Gallery i/s North Side Sec 12,0,0
GALRY-033,,37.41461096,-122.221469,ON-HOLD Middle of Klystron Gallery i/s North Side Sec 13,0,0
GALRY-034,,37.41438263,-122.2215033,ON-HOLD Middle of Klystron Gallery i/s North Side Sec 14,0,0
GALRY-035,,37.41444585,-122.2214378,ON-HOLD Middle of Klystron Gallery i/s North Side Sec 15,0,0
GALRY-036,,37.41428007,-122.2217501,ON-HOLD Middle of Klystron Gallery i/s North Side Sec 16,0,0
GALRY-037,,37.41468105,-122.2216795,ON-HOLD Middle of Klystron Gallery i/s North Side Sec 17,0,0
GALRY-038,,37.41443044,-122.2218641,ON-HOLD Middle of Klystron Gallery i/s North Side Sec 18,0,0
GALRY-039,,37.41452893,-122.2216317,ON-HOLD Middle of Klystron Gallery i/s North Side Sec 19,0,0
GALRY-040,,37.41457312,-122.2218696,ON-HOLD Middle of Klystron Gallery i/s North Side Sec 20,0,0
GALRY-041,,37.41461345,-122.2215159,ON-HOLD Middle of Klystron Gallery i/s North Side Sec 21,0,0
GALRY-042,,37.41433473,-122.2216233,ON-HOLD Middle of Klystron Gallery i/s North Side Sec 22,0,0
GALRY-043,,37.41447019,-122.2218983,ON-HOLD Middle of Klystron Gallery i/s North Side Sec 23,0,0
GALRY-044,,37.41446665,-122.2215153,ON-HOLD Middle of Klystron Gallery i/s North Side Sec 24,0,0
GALRY-045,,37.41448513,-122.2216704,ON-HOLD Middle of Klystron Gallery i/s North Side Sec 25,0,0
GALRY-046,,37.41463394,-122.2216005,ON-HOLD Middle of Klystron Gallery i/s North Side Sec 26,0,0
GALRY-047,BA000851751,37.415234,-122.215068,ON-HOLD Middle of Klystron Gallery i/s North Side Sec 27,1,0
GALRY-048,,37.41518471,-122.2147531,ON-HOLD Middle of Klystron Gallery i/s North Side Sec 28,0,0
GALRY-049,,37.41508669,-122.2149672,ON-HOLD Middle of Klystron Gallery i/s North Side Sec 29,0,0
GALRY-050,,37.4150376,-122.2151722,ON-HOLD Middle of Klystron Gallery i/s North Side Sec 30,0,0
GALRY-051,,37.41518386,-122.2152608,Middle of Klystron Gallery i/s South Side Sec 01,0,0
GALRY-052,,37.41510354,-122.2151866,Middle of Klystron Gallery i/s South Side Sec 02,0,0
GALRY-053,,37.41505525,-122.2150896,Middle of Klystron Gallery i/s South Side Sec 03,0,0
GALRY-054,,37.41498059,-122.2151485,Middle of Klystron Gallery i/s South Side Sec 04,0,0
GALRY-055,,37.41525531,-122.215323,Middle of Klystron Gallery i/s South Side Sec 05,0,0
GALRY-056,,37.41512064,-122.2149853,Middle of Klystron Gallery i/s South Side Sec 06,0,0
GALRY-057,,37.41520772,-122.2148245,Middle of Klystron Gallery i/s South Side Sec 07,0,0
GALRY-058,,37.4152016,-122.2153609,Middle of Klystron Gallery i/s South Side Sec 08,0,0
GALRY-059,,37.41517887,-122.2152695,Middle of Klystron Gallery i/s South Side Sec 09,0,0
GALRY-060,,37.41519148,-122.2147863,Middle of Klystron Gallery i/s South Side Sec 10,0,0
GALRY-061,,37.41519734,-122.2150307,ON-HOLD Middle of Klystron Gallery i/s South Side Sec 11,0,0
GALRY-062,,37.41534575,-122.2152273,ON-HOLD Middle of Klystron Gallery i/s South Side Sec 12,0,0
GALRY-063,,37.415789,-122.210703,ON-HOLD Middle of Klystron Gallery i/s South Side Sec 13,0,0
GALRY-064,,37.41590118,-122.2107677,ON-HOLD Middle of Klystron Gallery i/s South Side Sec 14,0,0
GALRY-065,,37.41567337,-122.2109718,ON-HOLD Middle of Klystron Gallery i/s South Side Sec 15,0,0
GALRY-066,,37.41580731,-122.2108327,ON-HOLD Middle of Klystron Gallery i/s South Side Sec 16,0,0
GALRY-067,,37.41556925,-122.2107489,ON-HOLD Middle of Klystron Gallery i/s South Side Sec 17,0,0
GALRY-068,BA00067781Y,37.41567098,-122.2104232,ON-HOLD Middle of Klystron Gallery i/s South Side Sec 18,1,0
GALRY-069,,37.41577242,-122.2106653,ON-HOLD Middle of Klystron Gallery i/s South Side Sec 19,0,0
GALRY-070,,37.41571568,-122.2106731,ON-HOLD Middle of Klystron Gallery i/s South Side Sec 20,0,0
GALRY-071,,37.41558232,-122.2106732,ON-HOLD Middle of Klystron Gallery i/s South Side Sec 21,0,0
GALRY-072,,37.41593731,-122.2105614,ON-HOLD Middle of Klystron Gallery i/s South Side Sec 22,0,0
GALRY-073,,37.41587094,-122.2105913,ON-HOLD Middle of Klystron Gallery i/s South Side Sec 23,0,0
GALRY-074,,37.41596865,-122.210493,ON-HOLD Middle of Klystron Gallery i/s South Side Sec 24,0,0
GALRY-075,,37.41576245,-122.2109622,ON-HOLD Middle of Klystron Gallery i/s South Side Sec 25,0,0
GALRY-076,,37.41597319,-122.2106407,ON-HOLD Middle of Klystron Gallery i/s South Side Sec 26,0,0
GALRY-077,,37.41569238,-122.2105984,ON-HOLD Middle of Klystron Gallery i/s South Side Sec 27,0,0
GALRY-078,BA00016074I,37.4157302,-122.2104557,ON-HOLD Middle of Klystron Gallery i/s South Side Sec 28,1,0
GALRY-079,BA00011057J,37.41602365,-122.2106522,ON-HOLD Middle of Klystron Gallery i/s South Side Sec 29,1,0
GALRY-080,BA00191956M,37.41579192,-122.210385,ON-HOLD Middle of Klystron Gallery i/s South Side Sec 30,1,0
GALRY-081,BA001357815,37.4155291,-122.2107158,ON-HOLD Next to penetration 30-10,1,1
GALRY-082,,37.41583545,-122.2106854,"ON-HOLD Sec 10 RF Hut, inside door on North wall",0,0
GALRY-083,BA00026530I,37.41596098,-122.2106349,"Sec 10 Vault, On Soup Cup 4/1, RGD#50, B02, 002B",1,0
GALRY-084,BA00056205B,37.416368,-122.205817,"ON-HOLD Sec 10 Vault, on Soup Cup 3/3",1,0
GALRY-085,,37.41657086,-122.2056124,"ON-HOLD Sec 20 FACET User trailer 244, behind mod panel on floor",0,1
GALRY-086,,37.41641699,-122.2056386,"ON-HOLD Sec 20 FACET User trailer,  under table East end",0,1
GALRY-087,,37.41610581,-122.2058712,Sec 10 Gilbane Trailer in center,0,0
GALRY-088,,37.41651912,-122.2059376,"MSY Gilbane Trailer, T-23, under desk",0,0
GALRY-089,,37.41648647,-122.20605,Area 1,0,0
GALRY-090,,37.41631539,-122.2056318,"Sec 4 P Hill Trailer, under shelves",0,0
GALRY-091,,37.41629405,-122.2056693,Area 2,0,0
GALRY-092,,37.41645847,-122.2059655,"Sector 10, North side, Trailer T-30",0,1
GALRY-093,BA00087749I,37.41623949,-122.2059601,"Sector 12, North side, Trailer T-32",1,1
GALRY-094,BA00087749I,37.41622569,-122.2057405,"Sec 0, outside of door",1,1
GUEST HO-001,BA00197894I,37.420119,-122.202316,"Users Lodge, front desk cabinet",1,1
HWY TRLR-001,,37.419251,-122.205084,ON-HOLD Inside Bldg 481 on wall near Kly Gallery (Waste Manage),0,0
IR2 620-001,,37.419139,-122.196506,Inside  BLDG behind LSST head high center line. ,0,0
IR2 620-002,,37.419078,-122.196304,East side of hall by phone near the base of stairs,0,0
IR2 620-003,,37.419130,-122.196637,South of LSST 10 ft from back wall head high,0,0
IR2 620-004,,37.419007,-122.196496,Counting Room,0,0
LCLS Inj-001,,37.417693,-122.194990,downstairs near shield wall next to BSOIC,0,1
LCLS Inj-002,,37.41716103,-122.1958227,"LCLS Injector vault downstairs on floor, Sec 20",0,1
LCLS Inj-003,,37.4175069,-122.194017,ON-HOLD Sector 20 Rm 101 laser operator room north wall,0,0
LCLS-001,,37.41697434,-122.1953896,"ON-HOLD RF Hut, Kly Gallery sec 20, wall, by door north",0,0
LCLS-002,,37.41714629,-122.1955463,"ON-HOLD Upstairs above railing of vault steps, Laser Alcove @ BSOIC",0,0
LCLS-003,,37.41823436,-122.1942443,ON-HOLD K. Gallery above Penetration 20-14,0,0
LCLS-004,,37.41796593,-122.1944559,ON-HOLD Bldg 35 Back wall right side of door on I-beam,0,0
LCLS-004A,,37.41726194,-122.1942747,"ON-HOLD LCLS Laser Alcove Load Lock Room, under electrical panel",0,0
LCLS-005,,37.41793913,-122.1960235,ON-HOLD Bldg 81 back wall right side LCLS roll up door,0,0
LCLS-005A,,37.41704667,-122.1957045,Sec 20 Upstairs LASER operator room north wall  ,0,0
LCLS-006,,37.41721013,-122.1947098,ON-HOLD Sec 20 Laser Room N wall,0,1
LCLS-007,,37.41770494,-122.195135,ON-HOLD Sec 20 LASER Room N Wall,0,0
LCLS-008,,37.41836487,-122.1944492,"ON-HOLD Blgd 911, under stairs North side ",0,1
LCLS-009,,37.4172096,-122.1957657,"ON-HOLD Bldg 911, top of penetration, west side of bldg",0,1
LCLS-010,,37.41761464,-122.1961025,"ON-HOLD Bldg 911, top of penetration, east side of bldg",0,1
LCLS-011,,37.4175403,-122.1959462,"ON-HOLD Bldh 911 outside under steps to B 911, S Side",0,1
LCLS-012,,37.41747553,-122.1952209,"ON-HOLD Bldg 912, top of penetration, west side",0,1
LCLS-013,,37.41799062,-122.1946874,"ON-HOLD Bldg 912, top of penetration, east side of bldg",0,1
LCLS-014,,37.41816546,-122.1958118,"ON-HOLD Bldg 913, top of penetration, west side ",0,1
LCLS-015,,37.41711061,-122.1957938,"ON-HOLD Bldg 913, top of penetration, middle of bldg.",0,1
LCLS-016,,37.4185201,-122.1947012,"ON-HOLD Bldg 913, under elec panel, east side of bldg",0,1
LCLS-017,,37.41725445,-122.19472,"ON-HOLD Bldg 921, top of penetration west side",0,1
LCLS-018,,37.41736044,-122.1953914,"ON-HOLD Bldg 921, top of penetration east side of bldg.",0,1
LCLS-019,,37.41757709,-122.1945455,"ON-HOLD Bldg 211, Inside on window sill",0,1
LCLS-020,,37.41796515,-122.1940895,"ON-HOLD Bldg 121, Inside building on wall/clean room ",0,1
LCLS-021,,37.41808563,-122.1941886,"ON-HOLD Bldg 224, Outside, next to door",0,1
LCLS-022,,37.41771543,-122.194656,ON-HOLD Bldg 225 SE Corner of bldg (South of BTH),0,1
LCLS-023,,37.41741392,-122.1960248,ON-HOLD Bldg 225 NE corner,0,1
LCLS-024,,37.41773562,-122.1954077,"ON-HOLD Bldg 209, Outside near electrical panel",0,1
LCLS-025,,37.41817707,-122.1955549,"ON-HOLD BTH West Maze, Outside by door",0,0
LCLS-026,,37.4174793,-122.1955487,"Bldg 406, close to BTH Head house",0,0
LCLS-027,,37.41780648,-122.195459,"Bldg 407, close to BTH Head house",0,0
LCLS-028,,37.4173325,-122.1952953,"ON-HOLD Bldg 108, outside corner by compressed gas cylinders",0,0
LCLS-029,,37.41703146,-122.1952021,"ON-HOLD Bldg 113, Outside South west corner",0,0
LCLS-030,,37.41834282,-122.1953247,"ON-HOLD Bldg 107, Inside next to fire extinquisher",0,0
LCLS-031,,37.41696153,-122.1951053,"Bldg 102C, inside Mens room",0,0
LCLS-032,,37.41838042,-122.1947147,ON-HOLD East Maze Entrance by PPS Panel,0,1
LCLS-033,,37.41807561,-122.195031,ON-HOLD outside main dump pps door,0,0
LCLS-034,,37.41751862,-122.1959722,FEE wall 1,0,0
LCLS-035,,37.41802389,-122.1946547,ON-HOLD Hutch 1 in NEH close to hard X-ray Beam line (moderated),0,1
LCLS-036,,37.4171622,-122.1955372,"NEH Mechanical Room , Bldg 950, 2ND FLOOR",0,1
LCLS-037,BA00187283Z,37.41830203,-122.1948012,"NEH, Bldg 950, Sub-basement on source locker",1,0
LCLS-038,,37.4176349,-122.1953561,ON-HOLD Outside Bldg 921 ventilation fenced area SW corner,0,1
LCLS-039,,37.41769386,-122.1954627,ON-HOLD Outside Bldg 921 ventilation fenced area SE corner,0,1
LCLS-040,,37.41691551,-122.1951686,ON-HOLD Bldg 901 Rm 222 top of bookcase,0,1
LCLS-041,,37.41753597,-122.1960981,ON-HOLD Bldg 901 1 st floor top of mail boxes,0,1
LCLS-042,,37.41780727,-122.1955492,"ON-HOLD NEH Inside office (Rm 220) across from Mechanical Room 2 (Rm 220), on wall facing Mechanical Room 2.",0,0
LCLS-043,,37.41751606,-122.1948383,"ON-HOLD NEH Inside office (Rm 219) across from Laser Hall, on wall facing Laser Hall.",0,0
LCLS-044,,37.41729476,-122.1951595,"ON-HOLD NEH Inside office (Rm 218) across from Laser Hall, on wall facing Laser Hall.",0,0
LCLS-045,,37.41836977,-122.1948035,"ON-HOLD NEH Inside office (Rm 217) across from Laser Hall, on wall facing Laser Hall.",0,0
LCLS-046,,37.41713152,-122.1952515,"ON-HOLD NEH Inside NEH Conference Room (Rm 216), on wall facing Laser Hall.",0,0
LCLS-047,,37.41745959,-122.1953473,"NEH In common area of Mechanical Room 3 (on vertical post, near floor).",0,0
LCLS-048,,37.41702999,-122.1952289,"NEH Inside Server Room (the door is just east of the east stairwell), on south wall, near west end of room.",0,0
LCLS-049,,37.41759197,-122.1946605,"ON-HOLD NEH Inside Server Room, middle of south wall",0,0
LCLS-050,,37.41747159,-122.1948614,"ON-HOLD NEH Inside Server Room, near east end of room, on east end of black rack, below electrical box.",0,0
LCLS-051,,37.41834949,-122.1951883,ON-HOLD NEH On bottom of Hutch 1 roll-up door.,0,0
LCLS-052,,37.41686166,-122.1953674,"ON-HOLD NEH On Hutch 1 lateral (north) wall, downstream part, just downstream of sliding (blue-framed) door.",0,0
LCLS-053,,37.41855545,-122.1946978,"NEH Inside Hutch 1, on first black stand for hard x-ray beamline (stand nearest upstream wall), on side facing upstream wall.",0,0
LCLS-054,,37.41757122,-122.1951804,"NEH Inside Hutch 1, on SXR Pulse Picker",0,0
LCLS-055,,37.418021,-122.1943376,"ON-HOLD NEH Inside Hutch 1, on Hard X-ray Line Pop-In Monitor #4 (just downstream of Collimator C4H)",0,0
LCLS-056,,37.41760715,-122.1948219,"ON-HOLD NEH Inside Hutch 1, on SXR Transmission Sample Chamber",0,0
LCLS-057,,37.41713604,-122.1950382,"ON-HOLD NEH Inside Hutch 1, midway down Hard X-Ray Beam Line",0,0
LCLS-058,,37.41685522,-122.1952677,"ON-HOLD NEH Inside Hutch 1, on SXR Mono Optics Tank",0,0
LCLS-059,,37.4172559,-122.1950972,"NEH Inside Hutch 1, on SXR BCS Collimator #4",0,0
LCLS-060,,37.41760992,-122.1959227,"ON-HOLD NEH Inside Hutch 1, on Hard X-ray Line bellows just downstream of Collimator C5",0,0
LCLS-061,,37.41703492,-122.1949167,"ON-HOLD NEH Inside Hutch 1, on yellow metal enclosure for beam-containment air gap (near downstream wall), on plate facing vacuum chamber.",0,0
LCLS-062,,37.41725889,-122.1951627,"NEH Inside Hutch 1, on black electronics rack next to beam containment air gap, on side facing vacuum chamber.",0,0
LCLS-063,,37.41754902,-122.1948999,"ON-HOLD NEH Inside Hutch 1, in common area  (on side of laser table enclosure facing AMO beamline)",0,0
LCLS-064,,37.41765452,-122.1938734,"NEH On Hutch 2 lateral (north) wall, upstream part.",0,0
LCLS-065,,37.4173963,-122.195463,ON-HOLD NEH On bottom of Hutch 2 roll-up door.,0,0
LCLS-066,,37.41782162,-122.1944207,"ON-HOLD NEH On Hutch 2 lateral (north) wall, downstream part.",0,0
LCLS-067,,37.41785149,-122.1960761,"ON-HOLD NEH Inside Hutch 2, on Hard X-ray Line bellows near upstream wall",0,0
LCLS-068,,37.417747,-122.1958943,"NEH Inside Hutch 2, on first black stand for hard x-ray beamline (stand nearest upstream wall), on side facing upstream wall.",0,0
LCLS-069,,37.4177555,-122.1954066,"ON-HOLD NEH Inside Hutch 2, on SXR Exit Slit",0,0
LCLS-070,,37.4181419,-122.1952659,"ON-HOLD NEH Inside Hutch 2, on SXR Stopper S2B",0,0
LCLS-071,,37.4173519,-122.1956064,"ON-HOLD NEH  Inside Hutch 2, on XPP Diagnostics Shielding Box",0,0
LCLS-072,,37.41704735,-122.1953535,"ON-HOLD NEH Inside Hutch 2, on Hard X-ray Line bellows near downstream wall",0,0
LCLS-073,,37.41727097,-122.194795,"ON-HOLD NEH Inside Hutch 2, in common area  (on side of laser table enclosure facing SXR beamline)",0,0
LCLS-074,,37.41743365,-122.193926,"ON-HOLD NEH On Hutch 3 lateral (north) wall, upstream part.",0,0
LCLS-075,,37.41798373,-122.1958005,ON-HOLD NEH On bottom of Hutch 3 roll-up door.,0,0
LCLS-076,,37.41731215,-122.1949978,"ON-HOLD NEH On Hutch 3 lateral (north) wall, downstream part.",0,0
LCLS-077,,37.41823116,-122.1956813,"NEH Inside Hutch 3, on upstream wall, in line with SXR beam dump.  (This location may receive radiation from XPP operation.)",0,0
LCLS-078,BA00165796O,37.41774301,-122.1946595,"NEH Inside control room (Rm 103) for Hutch 1, in middle of wall facing Hutch 1.",1,0
LCLS-079,,37.41791239,-122.1955299,"ON-HOLD NEH Inside control room (Rm 104) for Hutch 2, on wall facing Hutch 2, just upstream of wide concrete support post.",0,0
LCLS-080,,37.41830391,-122.1942476,"ON-HOLD NEH Inside control room (Rm 105) for Hutch 3, on wall facing Hutch 3, just upstream of wide concrete support post.",0,0
LCLS-081,BA00149858M,37.41763782,-122.1950985,NEH Inside shop (Rm 106) opposite Hutch 3.,1,0
LCLS-082,BA00194533Z,37.41814599,-122.1949455,"NEH Inside Freight Elevator, in southwest corner.",1,0
LCLS-083,,37.41724049,-122.195224,"ON-HOLD NEH In east stairwell, on south wall just above landing floor.",0,0
LCLS-084,,37.41799289,-122.1951308,"ON-HOLD XRT On SH2 Stoppers at west end of XRT, directly under stopper tank.",0,0
LCLS-085,,37.41818796,-122.1943364,"XRT On SH2 Stoppers at west end of XRT, two feet downstream of stopper tank.",0,0
LCLS-086,BA00163927R,37.41730912,-122.1943942,FEH XRT vestibule east door,1,0
LCLS-087,,37.41817669,-122.1949234,ON-HOLD FEH PPS work station next to XRT vestibule east door,0,0
LCLS-088,,37.41745423,-122.1955715,ON-HOLD FEH East roll-up door of XCS,0,0
LCLS-089,,37.41758901,-122.1958529,ON-HOLD FEH Middle of XCS north wall,0,0
LCLS-090,,37.41683796,-122.1948432,"ON-HOLD FEH In XCS control room, south west corner near PPS panel",0,0
LCLS-091,,37.41794668,-122.1942981,ON-HOLD FEH On the south wall of preparation room,0,0
LCLS-092,BA00164765U,37.41838809,-122.1949656,FEH CXI north wall under stairs near BSOIC,1,0
LCLS-093,,37.41732224,-122.1957646,ON-HOLD FEH CXI control room south wall near PPS panel,0,0
LCLS-094,,37.41780011,-122.1956728,ON-HOLD FEH CXI roll-up door,0,0
LCLS-095,,37.41794087,-122.1942443,FEH Hutch 6 east wall near outlet,0,0
LCLS-096,BA00107423H,37.41814189,-122.1957169,FEH MEC roll-up door,1,0
LCLS-097,BA00164754X,37.41730724,-122.195931,FEH Hutch 6 PPS door alcove,1,0
LCLS-098,BA00039977N,37.4172798,-122.1958622,FEH Under steps at east end of mezz on support,1,0
LCLS-099,BA001586406,37.41732139,-122.1949608,FEH Mezzanine level: west handrail near BSOIC,1,0
LCLS-100,BA00214095E,37.41815672,-122.1949735,ON-HOLD FEH Mezzanine level: top of shielding above cable penetration for Hutch 4,1,0
LCLS-101,,37.4174614,-122.1942087,ON-HOLD FEH Mezzanine level: next to square ventilation duct above Hutch 4,0,0
LCLS-102,,37.4183727,-122.1952036,ON-HOLD FEH Mezzanine level: on the cylindrical ventilation duct above Hutch 5,0,0
LCLS-103,,37.41797201,-122.1951887,ON-HOLD FEH Mezzanine level: top of shielding above cable penetration for Hutch 5,0,0
LCLS-104,BA001931750,37.41735638,-122.1941614,FEH Mezzanine level: east end Mezz. On middle rail,1,0
LCLS-105,BA00192429S,37.4178228,-122.1954917,FEH Mezzanine level: next to square ventilation duct above Hutch 6,1,0
LCLS-106,BA000786205,37.41740365,-122.1941894,FEH Mezzanine level: top of shielding above cable penetration for Hutch 6,1,0
LCLS-107,,37.4178416,-122.1940023,"ON-HOLD NEH Inside Mechanical Room 2 (Rm 200), on upstream wall.",0,0
LCLS-108,,37.41829834,-122.1942501,"ON-HOLD NEH Inside Mechanical Room 2 (Rm 200), on vertical chilled water pipe next to ventilation blower.",0,0
LCLS-109,,37.41709386,-122.1954355,"NEH Inside Laser Hall (Rm 201/215), on electronics rack near upstream wall (on side facing upstream wall).",0,0
LCLS-110,,37.41781531,-122.1956596,NEH Middle of Laser Hall,0,0
LCLS-111,,37.41752541,-122.1949737,"ON-HOLD NEH In kitchenette, on outer wall of Mechanical Room 2 (Rm 200).",0,0
LCLS-112,,37.41798529,-122.194029,"FEH Mezzanine level: above Hutch 6, by control rack",0,0
LCLS-113,,37.41715871,-122.195095,ON-HOLD FEH Room 101 (XCS Laser Room) Behind south I-beam*,0,0
LCLS-114,,37.41803196,-122.1952128,ON-HOLD FEH Mezzanine Hutch 4.5 supply air penetration,0,0
LCLS-115,,37.41819693,-122.1942834,ON-HOLD FEH Mezzanine Hutch 4 Laser room return air penetration,0,0
LCLS-116,BA001186454,37.4184419,-122.195077,"NEH Inside Hutch 1, on vertical cable tray at back wall",1,0
LCLS-117,,37.41813531,-122.1948722,"RGD#67 Mini-X Gun in Cabinet, Room 205AB B950",0,0
LCLS-118,,37.41815238,-122.1954579,NEH West entrance close to top of stairs  -- see drawing,0,0
LCLS-119,,37.413670,-122.228211,NEH Hallway close to loading dock -- see drawing,0,0
LCLS-120,,37.413657,-122.228152,NEH Room 107,0,0
LCLS-121,,37.413670,-122.228301,FEH Hutch 5 east wall close to MEC beam pipe,0,0
MainGate-001,BA001720484,37.420465,-122.204592,"Background dosimeter, outside on unistrut S side",1,0
MainGate-002,BA00017699T,37.42044088,-122.2045871,"Background dosimeter, outside on unistrut S side",1,0
MainGate-003,,37.4204957,-122.2046273,"Background dosimeter, outside on unistrut S side",0,0
MainGate-004,,37.42046002,-122.2045453,"Background dosimeter, outside on unistrut S side",0,0
MainGate-005,,37.42048102,-122.2045394,"Background dosimeter, outside on unistrut S side",0,0
N ADIT-001,,37.421018,-122.199956,outside adit door,0,0
N ADIT-002,,37.420993,-122.199968,On Fence,0,0
NDR Kck-001,,37.412771,-122.238158,"Bldg 020, inside on fence",0,0
NDR Trl-001,,37.412699,-122.238400,"ON-HOLD In Office trailer next to NDR entrance, Bldg 284, Room 5",0,1
NLCTA-001,BA00105165H,37.416531,-122.200933,"S side, outside wall by Faraday cup",1,1
NLCTA-002,BA00076689J,37.41653395,-122.2009126,NLCTA Operator's Office ,1,1
NLCTA-003,BA00099994F,37.41656918,-122.2010276,"BLDG 237, on deck",1,1
NLCTA-004,BA00022168B,37.41656938,-122.2009756,Roof overlooking 8 pack,1,0
NLCTA-005,,37.41645975,-122.2009874,"Roof, above beam dump",0,1
NLCTA-006,BA00088765N,37.41655562,-122.2009688,"Roof, above Farady cup, next to BSOIC",1,1
NLCTA-007,BA001536724,37.41659403,-122.2008938,"Maze entrance, beam dump end",1,1
NLCTA-008,BA001194944,37.41649979,-122.2010113,"Inside ESB, east of klystrons, on S wall of NLCTA",1,1
NLCTA-009,BA0015289P,37.41652502,-122.2008225,West End PPS,1,1
NLCTA-010,BA000352874,37.41657899,-122.2009537,"Outside wall, S of beam dump",1,1
NLCTA-011,BA001227662,37.41653064,-122.2008895,"N side, outside wall by Faraday cup",1,1
NLCTA-012,BA001245391,37.41654338,-122.2009959,On top of Cabinet # B062-115 (8 PACK),1,0
NLCTA-013,BA00092757O,37.41655172,-122.2008625,On top of Cabinet # B062-122 (8 PACK),1,0
NLCTA-014,BA00020941A,37.41658183,-122.2009411,"Roof, on the pole of cable hand-rail, 20'east of gate on roof",1,0
NLCTA-015,,37.41651997,-122.200956,"Bldg 225, Inside on wall",0,1
NLCTA-016,BA000614951,37.41653648,-122.2009472, BLDG 104C in window,1,1
NLCTA-017,BA00150768U,37.41660133,-122.2009615,Next to e163 Klystron on wall attached to electrical conduit,1,0
NLCTA-018,BA00105600N,37.41646339,-122.2009378,e163 at Klystron electrical panel,1,0
NLCTA-019,,37.41650033,-122.2008413,L Band Klystron O/S back shielding,0,0
NLCTA-021,BA00071609W,37.41654512,-122.2010184,L Band Klystron Waveguide on Plexiglass,1,0
NLCTA-022,BA00078220D,37.416605,-122.200976,On shield block under blue stairs inside Radiation  Area,1,1
NLCTA-023,BA000098163,37.41647551,-122.2009277,Radiation Area fence East side,1,1
NLCTA-024,BA00156775T,37.41660999,-122.2009611,Radiation Area fence North side,1,1
NLCTA-025,BA00109084F,37.41657563,-122.2009786,"RAM storage container 4104, outside on CA sign",1,0
NLCTA-026,BA00125133K,37.41652642,-122.2010333,"RAM storage container PC22048, outside on CA sign",1,0
NLCTA-027,BA001330879,37.41650474,-122.2009174,NLCTA RGD Inside,1,0
RAMSY-001,,37.416031,-122.204098,Inside Trailer,0,1
RAMSY-002,,37.415927,-122.204066,Office trailer,0,1
RV LOT-001,,37.413877,-122.228823,"RV parking,  at lot 018, across from sec 9-1",0,0
RV LOT-002,,37.413698,-122.230308,"ON-HOLD RV parking, attached to water spigot at eadt end lot access from sec 12 NOTE: ",0,0
S Arc-001,,37.415545,-122.195005,"Near SLD, Bldg 750 at tunnel exit",0,0
S Arc-002,,37.41555726,37.41556611,S Arc Tunnel on Em Off button 83A,0,0
S Arc-003,,37.41554444,37.41554104,S Arc Tunnel alcove area elec panel,0,0
S Arc-004,,37.41552832,37.41558091,"S Arc Tunnel across from dump room, emerg off",0,0
S Arc-005,,37.4155767,37.41558365,S Arc Tunnel Em Off Box 71 by Y of tunnel,0,0
S Arc-006,,37.4155267,37.4155001,S Arc Tunnel at entrance just inside door Rask Box,0,0
SDR Kck-001,,37.412228,-122.238114,"Bldg 021, RGD, inside on fence",0,0
SECT 30-001,,37.416972,-122.204902,"Sector 30 guard gate, OS on air conditioner bracket",0,0
SECT 30-002,,37.416953,-122.204820,"Sector 30 guard gate, OS on air conditioner bracket",0,0
SECTOR 10-001,,37.413796,-122.227890,RF Gun at PPS Panel to Gun Vault,0,0
Sford DC-001,,37.415413,-122.201141,Fence on S West Side at fence gate,0,0
SSRL-001,BA00159387T,37.418352,-122.201003,BLDG 140 - floor: LINAC vault shield wall to right of access door,1,1
SSRL-001A,BA00107122P,37.41870839,-122.200862,BLDG 140 - floor: Bldg 140 LNAC vault shield floor adj near klystron #1,1,1
SSRL-002,BA00067625Y,37.41815862,-122.2005114,BLDG 140 - floor: LINAC vault shield wall adj near klystron #2 ,1,1
SSRL-003,BA000714719,37.41840525,-122.2006654,BLDG 140 - floor: LINAC shield wall adj to Faraday cup vault,1,1
SSRL-004,,37.41863222,-122.2011298,BLDG 140 - roof: LINAC shielded roof above Faraday cup - near BSOIC,0,1
SSRL-005,,37.4183635,-122.201277,BLDG 140 - roof: LINAC shielded roof above BT1 screen,0,1
SSRL-006,BA002015694,37.41808212,-122.2014287,BLDG 140 - 5': South wall adj to area work station,1,1
SSRL-007,BA000223992,37.41833565,-122.2010877,BLDG 140 - 7': Booster Ops area above terminal work stations on unistrut,1,1
SSRL-008,BA000634264,37.41854151,-122.2010974,BLDG 140 - beam: Booster ring inner-west shielding wall by pep klystron,1,1
SSRL-009,BA001652562,37.41812278,-122.2013538,BLDG 140 - beam: Booster ring inner-east shielding wall by PPS access cage,1,1
SSRL-010,BA00120170R,37.41823064,-122.2008491,BLDG Booster - floor: Booster ring outer-north shielding wall adj to pump shack by stairs adj BSOIC S1,1,1
SSRL-011,BA000377905,37.41850114,-122.2007196,BLDG Booster - beam: Booster ring outer-north shielding wall by outside crane,1,1
SSRL-012,BA001315748,37.41834231,-122.2007259,BLDG Booster - beam: Booster ring outer - south shielding wall adj to roof pump station,1,1
SSRL-013,BA00118029A,37.41842643,-122.2007366,BLDG 130 - beam: Northwest corner near entry door at BL13,1,1
SSRL-014,BA00078879E,37.41864621,-122.2011872,BLDG 130 - beam: West wall adj to electrical panels,1,1
SSRL-015,BA00014114O,37.41845064,-122.2004581,BLDG 130 - beam: West wall adj to transformers under stairway area,1,1
SSRL-016,BA00062775W,37.41839086,-122.2012111,BLDG 130 - beam: South corner adj to both entry and roll-up doors,1,1
SSRL-017,BA00095731Z,37.41838515,-122.201481,BLDG 130 - 2nd floor: Room 200 (janitor’s closet),1,1
SSRL-018,,37.4183316,-122.2009056,BLDG 130 - 2nd  floor: Room 201,0,1
SSRL-019,BA00154540C,37.41849596,-122.2014093,BLDG 130 - 2nd floor: Room 210,1,1
SSRL-020,BA00164559R,37.41803688,-122.2013651,BLDG BTS - beam: BTS line on east side. Mounted on shield block #23 adjacent to BSOIC S23,1,1
SSRL-021,BA00087195X,37.41847774,-122.2012212,BLDG 140 - beam: East wall in 'alley' next to Bldg 130 and adjacent to BSOIC S4,1,1
SSRL-022,,37.41829575,-122.2013785,Bldg 120 rm 115 (Biotech Crystallography storage room) on shield wall near forward left corner of the room,0,1
SSRL-023,BA000452583,37.41838569,-122.200467,SPEAR3 ring outter side wall beside beam pipe to SLM room.,1,1
SSRL-024,BA00154541A,37.41878511,-122.2010251,"BLDG 120 - 2nd floor: Duty Ops work station in back area, adj to BSOIC and kitchen area",1,1
SSRL-030,,37.41828262,-122.2007913,Beside BL8-2 IV1,0,1
SSRL-031,BA002034488,37.41867091,-122.2011328,BLDG 120 - 2nd floor: staff kitchen area (2nd floor) adjacent to main office areas  ,1,1
SSRL-032,BA000661449,37.41814201,-122.2008922,BLDG 120 - 2nd floor: on outside wall at top of the main floor stairs leading into staff kitchen area,1,1
SSRL-033,BA00188445U,37.41819997,-122.2011787,Bldg 120 BL-1 work station area on the temporary  wall adjacent to future hutch,1,1
SSRL-034,BA001635451,37.41831683,-122.2005414,BLDG 120 - Wall: BL-2 lateral shield wall by electrical panel,1,1
SSRL-035,BA00044948R,37.41814785,-122.2008589,BLDG 120 - Wall: BL-7 lateral shield wall (appx 10' feet upstream of BL7 ratchet wall),1,1
SSRL-036,BA001341397,37.41864437,-122.2012537,"BLDG 131 - beam: BL-12 lateral shield wall in storage area under trestle, under yellow PPS box ",1,1
SSRL-037,BA00071537Z,37.41869855,-122.2011079,"BLDG 120 - 2nd floor: appx. 15 feet above BL8 ratchet wall. Located on unistrut bracket by transformer across R253, left of Rack 801",1,1
SSRL-038,BA000182578,37.41842303,-122.2005565,BLDG 120 - wall: BL-8 at ratchet wall,1,1
SSRL-039,BA00066221F,37.41822286,-122.2010777,BLDG 120 - beam: East Pit shield wall behind large blue monitoring panels in BL9-1 multi-station work area ,1,1
SSRL-040,BA00021391J,37.41807524,-122.2007647,BLDG 120 - beam: BL-9 kitchen and break area on shield wall behind sofa,1,1
SSRL-041,,37.41844542,-122.2005636,Bldg 120 Room # 101 on cable racks 1' out from shield wall downstream from East Pit adj hutch 12-0,0,1
SSRL-042,BA00060876U,37.41851064,-122.2007266,SPEAR wall adjacent to BL12-0 hutch,1,1
SSRL-043,BA000909120,37.41861179,-122.2009134,BL16 lateral shield wall,1,1
SSRL-044,BA00151066B,37.41827705,-122.2012511,BL16 ratchet shield wall,1,1
SSRL-045,BA00063050L,37.41863055,-122.2007757,BLDG 131 - beam: About 10 feet upstream of BL6 ratchet wall,1,1
SSRL-046,,37.4182774,-122.2006662,BLDG 131 - beam: BL-5 ratchet shield wall,0,1
SSRL-047,BA00064897M,37.41798302,-122.2011501,Old BL-4 lateral shield wall (next to BSOIC S25),1,1
SSRL-048,,37.41845426,-122.2011477,BLDG 131 - Beam: BL-3 ratchet shield wall adj. to BSOIC,0,1
SSRL-049,BA00013782A,37.41852567,-122.2007807,BLDG 131 - Beam: BL-11 lateral shield wall - near unused beam line port adjacent to BSOIC,1,1
SSRL-050,BA000184277,37.41839759,-122.2013691,BLDG 131 - Beam: BL-11 lateral shield wall by blue monitor panel ,1,1
SSRL-051,BA00196851T,37.41823537,-122.2005642,BLDG 131 - Beam: BL-14 lateral shield wall adjacent to rolling block door at BL11-1 door,1,1
SSRL-052,BA001618415,37.41809236,-122.2012529,BLDG 130 - Beam: BL13 lateral shield wall next to BL14-0,1,1
SSRL-053,BA00151065D,37.41811038,-122.2006093,BLDG 130 - beam: at lateral shield wall adj to SPEAR klystrons 6 feet downstream of BL13 ratchet wall,1,1
SSRL-054,BA00070879M,37.41830198,-122.2014412,BLDG 130 - wall: (South) lateral shield wall at d/s end BL13,1,1
SSRL-055,BA00069672X,37.41845216,-122.2007509,BLDG 130 - 2nd floor: Room 207,1,1
SSRL-056,BA000795107,37.41837989,-122.2010283,BLDG 130 - 2nd floor: Room 208,1,1
SSRL-057,BA00111320T,37.41827033,-122.2012638,BLDG SPEAR - beam: SPEAR (outside) on shielding adjacent to Bldg 130 entry door,1,1
SSRL-058,BA002175745,37.41799668,-122.2010131,BLDG SPEAR - 7': Outer SPEAR shielding wall just down from catwalk stairs - Beam Abort Dump (BAD) monitor Block RBI-9L,1,1
SSRL-059,BA001882119,37.41822363,-122.2011871,BLDG SPEAR - 7': Outer SPEAR shielding wall. Monitor on uppermost portion of shielding adj to roof - Septum monitor Block RBI-7,1,1
SSRL-061,BA00168715V,37.41840986,-122.2006416,"BLDG SPEAR - beam: Inner SPEAR shielding wall. At foot of catwalk steps (inner ring) area, at Block 8 - Beam Abort Dump (BAD) monitor",1,1
SSRL-062,BA00218758U,37.41859154,-122.2012048,"BLDG SPEAR - beam: Inner SPEAR shielding wall appx. 10' behind catwalk stairs, at Block 3. Adj to west pit PPS gate",1,1
SSRL-063,BA00161647X,37.4186884,-122.2009467,BLDG 132 - 5': West Pit area inside Klystron Room 101,1,1
SSRL-064,BA00085367U,37.41876534,-122.2009564,"BLDG SPEAR - 4': West Pit PPS entry gate (on metal wall behind door, if open)",1,1
SSRL-065,BA00120898V,37.41837757,-122.2007131,BLDG 221 - 4': SPEAR electronics shop adjacent to east pit shielding wall at southeast entrance,1,1
SSRL-066,BA001172578,37.41869746,-122.2013025,BLDG SPEAR - 4': East Pit PPS entry gate (on metal wall behind door - if open),1,1
SSRL-067,BA00096613Y,37.41802256,-122.2007381,BLDG 117 - 4': SPEAR Ops control building at southeast entry,1,1
SSRL-068,BA00070015G,37.4186403,-122.2014332,BLDG 117 - 6': SPEAR Ops control building in kitchen area,1,1
SSRL-069,BA001710287,37.41818139,-122.2005693,"BLDG SPEAR - beam: Inner SPEAR shielding wall near northwest corner of SPEAR Ops building - septum monitor (beneath cable tray), at Block 10",1,1
SSRL-070,BA000281974,37.41851581,-122.2013211,BLDG SPEAR - beam: Inner SPEAR shielding wall near north side of SPEAR Ops building - K3 kicker magnet monitor; at block 15,1,1
SSRL-071,,37.41842081,-122.2009908,BLDG SPEAR - roof: SPEAR roof shielding directly above PR1 profile monitor just before BTS injection point,0,1
SSRL-072,,37.41814661,-122.2009455,BLDG SPEAR - roof: SPEAR roof shielding directly above Beam Abort Dump (BAD),0,1
SSRL-073,,37.41819533,-122.2012271,BLDG SPEAR - roof: SPEAR roof shielding directly above septum down from BTS injection point pr2,0,1
SSRL-074,,37.41860535,-122.2008237,On corner of B-289 trailer,0,1
SSRL-075,,37.41856128,-122.201473,On corner of B-288 (east) trailer,0,1
SSRL-076,,37.41798888,-122.201192,On corner of B-288 (west) trailer,0,1
SSRL-077,,37.41843544,-122.2004684,On corner of B-294 trailer,0,1
SSRL-078,BA00195910Y,37.41819515,-122.2014451,BLDG 130 - 2nd floor: Room 203,1,1
SSRL-079,BA00216010U,37.41854574,-122.2008483,BLDG 130 - 2nd floor: Room 209,1,1
SSRL-080,BA001466525,37.4185809,-122.2005753,BLDG  130 - beam: Bldg 131 Bl11-2 on shelf adj to door,1,1
SSRL-081,,37.41848052,-122.2013087,SPEAR roof ajd BSOIC S18 above stoppers,0,1
SSRL-082,BA00028879O,37.41859471,-122.2011186,SPEAR wall adj b118 on waterpipe,1,1
SSRL-083,BA00211986Y,37.4183562,-122.2014289,Beamline 4-2 work station,1,0
SSRL-084,BA00091520A,37.41811782,-122.2007979,4-3 work station,1,0
SSRL-085,BA00172891X,37.4184054,-122.2004799,4-0 hutch wall,1,0
SSRL-086,BA000424269,37.41848938,-122.201024,"BL 5-0 HPI, wall",1,0
SSRL-087,BA000335549,37.41828085,-122.2011001,"BL 5-0 HPI, roof",1,0
SSRL-088,BA00102423M,37.41797864,-122.2008918,d/s BL15 rolling block beside 5-0 hutch door,1,0
SSRL-089,BA00074768N,37.41805408,-122.2007105,BL 5-4 Workstation,1,0
SSRL-090,BA002125477,37.41822586,-122.200521,BL 5 Workstation downstream ,1,0
SSRL-091,BA00091015B,37.41795988,-122.2007481,Vertical post at downstream end of BL 5-4,1,0
SSRL-092,,37.41842945,-122.2015373, BL 5 @ crotch bare 3 EM 3,0,0
SSRL-093,BA001953902,37.41857673,-122.2011082, u/s of BL5 ratchet wall EM4 beside PPS box,1,0
SSRL-094,BA000859002,37.41797439,-122.2012299,downstream of bl 5 rolling block 5EM5,1,0
SSRL-095,BA00000941H,37.41856468,-122.2007086,BL 6-0HPI adj rolling block and HPI,1,0
SSRL-096,BA00158436Z,37.41867976,-122.2011928,BL 6-0 HPI roof,1,0
SSRL-097,BA001945305,37.41844959,-122.201247,BL 6-0 Hutch Wall,1,0
SSRL-098,,37.41859738,-122.2010452,6-0 upstream wall @ SSRL side (es3),0,0
SSRL-099,BA001933714,37.41817579,-122.2012778,BL 6-2Workstation,1,0
SSRL-100,BA001616708,37.41856012,-122.2005367,6-2 Workstation SPEAR side Hutch wall,1,0
SSRL-101,BA00006769X,37.41859511,-122.2010393,HPI 7-0 hutch wall ,1,0
SSRL-102,BA00085298R,37.41816339,-122.2012604,HPI 7-0 hutch roof on blue rack,1,0
SSRL-103,BA000648231,37.41849502,-122.2004702,7-1 workstation,1,0
SSRL-104,,37.41815667,-122.2007138,Upstream wall of BL 7-0 (@ 1st optic),0,0
SSRL-105,BA00199184V,37.41823017,-122.2014469,7-0 workstation,1,0
SSRL-106,BA000672660,37.41859305,-122.2010696,BL 8-2 Work station on blue rack,1,0
SSRL-107,BA002166661,37.41826266,-122.2013855,BL 8 SPEAR wall penet bare 6 EM6,1,0
SSRL-108,BA001922056,37.41834551,-122.2015496,downstream on blue support bare 7 EM 7,1,0
SSRL-109,BA000322588,37.41849627,-122.2006425,downstream on blue support  bare 8 EM 8,1,0
SSRL-110,,37.41812323,-122.2007413,BL 9-0 upstream wall @ SSRL side,0,0
SSRL-111,BA00089947G,37.41818196,-122.201107,BL 9 SPEAR wall adj bl 8-2 bar 9,1,0
SSRL-112,,37.41830512,-122.201453,"BL 8 HPI, wall on black box behind I beam",0,0
SSRL-113,BA00117067B,37.41816136,-122.2014525,BL 9 HPI and HPI wall ,1,0
SSRL-114,BA00090387V,37.41830739,-122.2009265,BL 9-1 d/s hutch beside window,1,0
SSRL-114A,,37.41817436,-122.2015114,BL 9-1 Workstation (second 114 location?),0,0
SSRL-115,BA00101123T,37.41805595,-122.201278,BL 9-0 Hutch wall adj entry door,1,0
SSRL-116,BA001931453,37.41830345,-122.2013634,"BL 10-0 HPI, wall",1,0
SSRL-117,BA001685307,37.41816348,-122.2010345,"BL 10-0 HPI, roof",1,0
SSRL-118,BA000772254,37.41861152,-122.2009345,BL 10-2 Workstation,1,0
SSRL-119,,37.41808956,-122.2009177,BL 10-0 Hutch Wall,0,0
SSRL-120,BA00014178A,37.41824799,-122.2007561,BL 11 ratchet wall close to BL11-3 workstation,1,0
SSRL-121,BA00102813F,37.41797677,-122.2010073,"BL 11-0 HPI, roof",1,0
SSRL-122,,37.41822337,-122.2013058,BL 11-0 Hutch wall,0,0
SSRL-123,BA00168033B,37.41810786,-122.2010204,BL 11-1 Work station (panasoinic ,1,0
SSRL-124,BA000257909,37.41854792,-122.2011151,BL 11-0 door,1,0
SSRL-125,,37.41840931,-122.2013535,BL 11-1 bare 1 EM1,0,0
SSRL-126,,37.41866488,-122.2010379,BL 11-1 bare 2 EM2,0,0
SSRL-127,BA00152230L,37.41812289,-122.2014864,"BL 12 HPI, wall",1,0
SSRL-128,BA00151024J,37.41851895,-122.2008179,"BL 12 HPI, roof",1,0
SSRL-129,BA000276438,37.41854275,-122.2009657,BL 12-0 upstream wall @ SSRL side,1,0
SSRL-130,BA000276438,37.41815325,-122.2008237,BL 13 Blue electronics rack,1,0
SSRL-131,,37.4184603,-122.2009477,"bl 13 HPI, Spear Wall adj HPI",0,0
SSRL-132,BA00131016K,37.41856011,-122.2005017,BL 13 rolling block door,1,0
SSRL-133,,37.41820927,-122.2012539,"BL 14 HPI, wall",0,0
SSRL-134,BA00132263G,37.41859384,-122.2014255,"BL 14 HPI, roof",1,0
SSRL-135,BA002018846,37.41834507,-122.201249,BL  14-2 control station,1,0
SSRL-136,BA00136240K,37.4186248,-122.2011928,BL 14-0 front of hutch door,1,0
SSRL-137,BA00094287T,37.41826978,-122.2005886,Bldg 130 room 207 adj moderator,1,0
SSRL-138,BA00034206F,37.4180937,-122.2012657,B130 R208 a adj  moderator,1,0
SSRL-139,BA00038478W,37.41846465,-122.2013758,SLM Shielded Box,1,0
SSRL-140,BA001716037,37.41817072,-122.2010418,SLM Electronics rack near upstream wall,1,0
SSRL-141,,37.41818553,-122.2006604,"BL 1 HPI, wall",0,0
SSRL-142,,37.41817058,-122.2013489,"BL 1HPI, roof",0,0
SSRL-143,BA001623761,37.41839716,-122.200766,BL 1-0 Hutch Door,1,0
SSRL-144,BA00164971X,37.41848406,-122.2010373,BL 1-4 Workstation,1,0
SSRL-145,BA001591926,37.41860172,-122.2007497,BL 1-5 Workstation near storage room,1,0
SSRL-146,,37.41869849,-122.2007755,"BL 2 HPI, wall",0,0
SSRL-147,BA00083299R,37.41855483,-122.2013393,"BL 2 HPI, roof",1,0
SSRL-148,BA00027272F,37.41845827,-122.2011681,BL 2-0 Hutch Door,1,0
SSRL-149,BA001278524,37.41853883,-122.2007357,BL 2-2 Electronics rack nearest hutch,1,0
SSRL-150,,37.41834415,-122.2006049,"BL 4-0 HPI, wall",0,0
SSRL-151,BA00158261A,37.41831283,-122.2014264,"BL 4-0 HPI, roof",1,0
SSRL-152,,37.41860272,-122.2013281,"BOOSTER, BL 30, near bolt #115",0,1
SSRL-153,,37.41850115,-122.2005759,"BOOSTER, BL 46, near HV box",0,1
SSRL-154,BA000872228,37.4182842,-122.2007565,"BOOSTER, BL 38, under duct, near stairs",1,1
SSRL-155,,37.4183681,-122.2015091,"BOOSTER, Above QF 24.  RHEED SSRL BL 5-1 RGD#45",0,1
SSRL-156,,37.41849841,-122.2013164,"BL5-1, RGD, on leg opposite target",0,1
SSRL-157,BA00023788W,37.41833026,-122.2007895,BL16 Ratchet Wall,1,1
SSRL-158,,37.4186964,-122.2010023,Booster-Upstairs on West wall by BSOIC,0,1
SSRL-159,BA00018162J,37.41860449,-122.2006616,BLDG 131 - beam: BL-5 ratchet shield wall,1,0
SSRL-160,BA000874604,37.41804375,-122.201391,BL11-3 Work Station,1,0
SSRL-161,BA00211582E,37.41806151,-122.2008454,Duplicate to SSRL-[145] BL-1 Wall cross from 1-0,1,0
SSRL-162,,37.41824982,-122.2006373,"Shield Wall BL15, across from BL-5 w/b",0,0
SSRL-163,BA001179532,37.41833202,-122.2012596,BL16-2 workstation,1,0
SSRL-164,BA001834417,37.41868981,-122.2008753,BL5-2 workstation,1,0
SSRL-165,BA00189811W,37.41834999,-122.2009208,BL15-0 HPI,1,0
SSRL-166,BA000794315,37.41797672,-122.2008626,BL15-2 hutch d/s door,1,0
SSRL-167,BA00068747P,37.4181896,-122.200623,BL15-2 workstation,1,0
SSRL-168,BA00155972W,37.41860221,-122.2011781,BL11-3 d/s workstation,1,0
SSRL-169,BA00162868O,37.4185913,-122.2014818,"BLDG 130, Lab 201",1,1
SSRL-170,BA00069159V,37.41815804,-122.2006472,SSRL Block 7 on SPEAR inner wall,1,1
SSRL-172,,37.41864801,-122.2013713,RHEED BL 5-2 RGD#51,0,0
Starbuck-001,BA00190030J,37.419698,-122.202731,"Seating area, on floor in moderator",1,1
SUSB-001,BA00128559V,37.419159,-122.203846,First floor stairwell,1,0
SUSB-002,,37.41924523,-122.2038444,"Security Office, Rm 1080, corner window frame toward SSRL",0,0
SUSB-003,BA00038893W,37.419097,-122.2038738,"Second floor stairwell, on mesh left side top of stairs",1,0
SUSB-004,BA001504276,37.41923068,-122.2037093,"Cafeteria, window frame by east exit, toward SSRL",1,0
SUSB-005,BA000427916,37.4192601,-122.2037619,"Third floor stairwell, on mesh left side at top of stairs",1,0
SUSB-006,,37.41925741,-122.2037975,"Office, Rm 3152 , corner window frame toward SSRL",0,0
SUSB-007,BA001385345,37.41917404,-122.2038283,"Fourth floor stairwell, on mesh left side at top of stairs",1,0
SUSB-008,BA001904913,37.41910124,-122.2037211,"Directors Office, Rm 4160, corner window frame toward SSRL",1,0
TLD Lab-001,BA000298424,37.416879,-122.205218,"Background dosimeter (B28, Rm 134 )",1,0
TLD Lab-002,BA001045585,37.4168665,-122.2052193,"Background dosimeter (B28, Rm 134 )",1,0
TLD Lab-003,BA00188862Q,37.41684975,-122.205254,"Background dosimeter (B28, Rm 134 )",1,0
TLD Lab-004,BA000141377,37.41691811,-122.2052223,"Background dosimeter (B28, Rm 134 )",1,0
TLD Lab-005,BA000388225,37.41691023,-122.205251,"Background dosimeter (B28, Rm 134 )",1,0
TLD Lab-006,BA000255816,37.41688953,-122.2051767,"Background dosimeter (B28, Rm 134, in poly)",1,1
TLD Lab-007,BA001308090,37.41686973,-122.2051723,"Background dosimeter (B28, Rm 134, in poly)",1,1
TLD Lab-008,BA001665333,37.41690772,-122.2052465,"Background dosimeter (B28, Rm 134, in poly)",1,1
TLD Lab-009,BA00113574A,37.41687545,-122.2052336,"Background dosimeter (B28, Rm 134, in poly)",1,1